💦湖南,#genre#
湖南卫视,http://111.20.33.70/TVOD/88888893/224/3221226211/index.m3u8
湖南卫视,http://111.20.33.93/PLTV/88888893/224/3221226211/index.m3u8
湖南卫视,http://111.40.196.28/PLTV/88888888/224/3221225519/index.m3u8
湖南卫视,http://111.40.196.9/0000000000001001/1/index.m3u8?Contentid=1000000001000009115&livemode=1&stbId=2&channel-id=ystenlive
湖南卫视,http://39.135.138.58:18890/PLTV/88888888/224/3221225745/index.m3u8
湖南卫视,http://39.134.115.163:8080/PLTV/88888910/224/3221225745/index.m3u8
湖南卫视,http://39.135.138.60:18890/PLTV/88888910/224/3221225745/index.m3u8
湖南娱乐,http://124.232.233.15:6610/000000001001/201600020004/1400.m3u8?m3u8_level=2
湖南娱乐,http://124.232.231.246:6610/000000001001/201600020004/index.m3u8?A
湖南娱乐,http://124.232.231.246:6610/000000001001/201600020004/1000.m3u8?IASHttpSessionId=OTT2939820211208005305069106&zte_bandwidth=1000&bandwidth=1433600&ispcode=3&timeformat=local&channel=201600020004&ztecid=201600020004&m3u8_level=2&A=
湖南娱乐,http://124.232.231.246:6610/000000001001/201600020004/1000.m3u8?IASHttpSessionId=OTT2933020211208004916069966&zte_bandwidth=1000&bandwidth=1433600&ispcode=3&timeformat=local&channel=201600020004&ztecid=201600020004&m3u8_level=2&A=
湖南娱乐,http://124.232.231.246:6610/000000001001/201600010004/index.m3u8?A=&IASHttpSessionId=OTT?zhund
湖南娱乐,http://stream.guihet.com/t/hunan.php?id=344
湖南娱乐,http://kjol.cc/proxy/hunan.php?id=344
湖南娱乐,http://cache.ott.fifalive.itv.cmvideo.cn:80/000000001000/6427893650335440392/index.m3u8?channel-id=hnbblive&Contentid=6427893650335440392&livemode=1&authCode=3a&stbId=2E100499007034400000749781B4F9F8&version=1.0&owaccmark=6427893650335440392&owchid=hnbblive&owsid=6996331638768384328&AuthInfo=tKKJ%2BFVlkuoKUIcI9GZjdphwp0XaPa1o9oRt%2FcblwIg2UICXh55EE5Fvjda4XWRZzZxIMTZzB5D%2FFHWfxb1J50K%2FVXfkUEHtGoLd5N9fdairytkVI%2Bd0O3lms2CNYwPF
湖南娱乐,http://124.232.231.246:6610/000000001001/201600020004/index.m3u8?A=&IASHttpSessionId=OTT?zhund
湖南都市,http://124.232.233.15:6610/000000001001/201600020003/1400.m3u8?IASHttpSessionId=SLB2046220190906022827233263&m3u8_level=2&ztecid=201500000245&ispcode=3
湖南都市,http://124.232.233.15:6610/000000001001/201600020003/1400.m3u8?IASHttpSessionId=SLB2046220190906022827233263&m3u8_level=2
湖南都市,http://124.232.231.246:6610/000000001001/201600020003/index.m3u8?A=&IASHttpSessionId=OTT?zhund
湖南都市,http://124.232.231.246:6610/000000001001/201600020003/index.m3u8?A
湖南都市,http://124.232.231.246:6610/000000001001/201600010003/index.m3u8?A=&IASHttpSessionId=OTT?zhund
湖南都市,http://stream.guihet.com/t/hunan.php?id=346
湖南都市,http://kjol.cc/proxy/hunan.php?id=346
湖南经视,http://ls.qingting.fm/live/1207.m3u8
湖南经视,http://cache.ott.fifalive.itv.cmvideo.cn:80/000000001000/hnjingshi/index.m3u8?channel-id=ystenlive&Contentid=hnjingshi&livemode=1&authCode=3a&stbId=004701FF0001182003AB60313BF7655A&version=1.0&owaccmark=hnjingshi&owchid=ystenlive&owsid=8417171638842885282&AuthInfo=CddfQWIesl%2B0%2FTw4xAGbWBKSbFx4tSCKlQU%2FjlITR9D%2FBgTw8EGqxrSqrXVnNtk0QgONMXSDecfPIRrzlxJp1WdeMjBWruDH7wD8bpRx1dQ%3D
湖南经视,http://cache.ott.fifalive.itv.cmvideo.cn:80/000000001000/hnjingshi/index.m3u8?channel-id=ystenlive&Contentid=hnjingshi&livemode=1&authCode=3a&stbId=004203003004001001B254C57A60AC10&version=1.0&owaccmark=hnjingshi&owchid=ystenlive&owsid=8551421638843014795&AuthInfo=WeQYnwDbWk4GUvd54G0dJtof3vRM%2B2ypD%2BOuRwkfZL3%2FBgTw8EGqxrSqrXVnNtk0eJwD1HUQQtD%2FH4R96rWx%2F0Dpj5cysh2VR1rCb5to72k%3D
湖南经视,http://124.232.233.15:6610/000000001001/201600020002/1400.m3u8?IASHttpSessionId=SLB2046220190906022827233263&m3u8_level=2&ztecid=201500000245&ispcode=3
湖南经视,http://124.232.231.246:6610/000000001001/201600020002/index.m3u8?A=&IASHttpSessionId=OTT?zhund
湖南经视,http://124.232.231.246:6610/000000001001/201600020002/index.m3u8?A
湖南经视,http://124.232.231.246:6610/000000001001/201600010002/index.m3u8?A=&IASHttpSessionId=OTT?zhund
湖南教育,http://pull.hnedutv.com/live/hnedutv1206.m3u8?sub_m3u8=true&edge_slice=true
湖南教育,http://0b4e127539ff8c3fb7398ab07b004ec1.livehwc3.cn/pull.hnedutv.com/live/hnedutv1206.m3u8?sub_m3u8=true&edge_slice=true&user_session_id=7ee96ed9c66d94296014ecde50ff6933
湖南国际,http://stream.guihet.com/t/hunan.php?id=229
湖南国际,http://kjol.cc/proxy/hunan.php?id=229
湖南国际,http://cache.ott.fifalive.itv.cmvideo.cn/000000001000/5015828848322021526/index.m3u8?channel-id=hnbblive&Contentid=5015828848322021526&livemode=1&authCode=3a&stbId=0010099900E08200SY0488947E7BCB37&version=1.0&owaccmark=5015828848322021526&owchid=hnbblive&owsid=1213951638767440573&AuthInfo=1cKEtXhCyPUp0C7Os%2F4hFnRLJbdGQml%2FJ6SgEPCodeRUjPYNyZbt2ySh3CnWRg7ZXZOBrprOC1TMGiwuCjsNRU%2FY5Cf1JJzs15jSc3VWnlYEWWUEij0Yl3a7KJlYq%2FHc
湖南国际,http://124.232.231.246:6610/000000001001/201600020001/index.m3u8?A=&IASHttpSessionId=OTT2938120211208005554069879
湖南国际,http://124.232.231.246:6610/000000001001/201600020001/index.m3u8?A=&IASHttpSessionId=OTT?zhund
湖南国际,http://124.232.231.246:6610/000000001001/201600020001/index.m3u8?A
湖南国际,http://124.232.231.246:6610/000000001001/201600020001/1000.m3u8?IASHttpSessionId=OTT2939020211208005610067491&zte_bandwidth=1000&bandwidth=1433600&ispcode=3&timeformat=local&channel=201600020001&ztecid=201600020001&m3u8_level=2&A=
湖南国际,http://124.232.231.246:6610/000000001001/201600010001/index.m3u8?A=&IASHttpSessionId=OTT?zhund
湖南公共,http://stream.guihet.com/t/hunan.php?id=261
湖南公共,http://kjol.cc/proxy/hunan.php?id=261
湖南公共,http://cache.ott.fifalive.itv.cmvideo.cn:80/000000001000/6307875884530512195/index.m3u8?channel-id=hnbblive&Contentid=6307875884530512195&livemode=1&authCode=3a&stbId=004701FF0001061001B354C57A9F78ED&version=1.0&owaccmark=6307875884530512195&owchid=hnbblive&owsid=8845681638776584973&AuthInfo=byYOYFPlCvQbKYBGvmFPFr8%2FjJsFLkA3P37IprRFU5UWxCpDbpek4w%2FFGgK3s6Kyqd6Z7KQ1C8zN8e2BL7m%2F3ef8QY4WazbHIjy%2BF1eGxvkUEEot8m7M1dOjqqzZFlhf
湖南公共,http://cache.ott.fifalive.itv.cmvideo.cn/000000001000/6307875884530512195/index.m3u8?channel-id=hnbblive&Contentid=6307875884530512195&livemode=1&authCode=3a&stbId=0010039901A0130000010016FBA11E44&version=1.0&owaccmark=6307875884530512195&owchid=hnbblive&owsid=8155251638769667490&AuthInfo=%2F%2F4bFTP9QvUxZzR6rcopDy6cEI%2Bi1cBITpvk0DOmTTwWxCpDbpek4w%2FFGgK3s6Ky4QMI3SYq%2Fix5f5BNuXESS%2Bo%2BtHf%2F8yaLvz%2Fw8iztow1tYKlMyEBOV5nOp8DMakQR
湖南公共,http://124.232.231.246:6610/000000001001/201600020007/index.m3u8?A=&IASHttpSessionId=OTT?zhund
湖南公共,http://124.232.231.246:6610/000000001001/201600020007/index.m3u8?A
湖南公共,http://124.232.231.246:6610/000000001001/201600010007/index.m3u8?A=&IASHttpSessionId=OTT?zhund
湖南电影,http://fms.yyrtv.com:82/hls-live/livepkgr/_definst_/liveevent/hndy210130.m3u8?zhund
湖南电影,http://124.232.233.15:6610/000000001001/201600020005/1400.m3u8?IASHttpSessionId=SLB2046220190906022827233263&m3u8_level=2
湖南电影,http://124.232.231.246:6610/000000001001/201600020005/index.m3u8?A=&IASHttpSessionId=OTT?zhund
湖南电影,http://124.232.231.246:6610/000000001001/201600010005/index.m3u8?A=&IASHttpSessionId=OTT?zhund
湖南电影,http://111.40.196.30/PLTV/88888888/224/3221225660/index.m3u8
湖南电视剧,http://stream.guihet.com/t/hunan.php?id=484
湖南电视剧,http://kjol.cc/proxy/hunan.php?id=484
湖南电视剧,http://124.232.231.246:6610/000000001001/201600020006/index.m3u8?A=&IASHttpSessionId=OTT?zhund
湖南电视剧,http://124.232.231.246:6610/000000001001/201600020006/index.m3u8?A
湖南电视剧,http://124.232.231.246:6610/000000001001/201600010006/index.m3u8?A=&IASHttpSessionId=OTT?zhund
金鹰卡通,http://hwrr.jx.chinamobile.com:8080/PLTV/88888888/88888888/3221225554/index.m3u8?fmt=ts2hls
金鹰卡通,http://cache.ott.fifalive.itv.cmvideo.cn/000000001000/5201381050640253101/index.m3u8?channel-id=ystenlive&Contentid=5201381050640253101&livemode=1&authCode=3a&stbId=004903FF000248000004A8BD3A9D31A0&version=1.0&owaccmark=5201381050640253101&owchid=ystenlive&owsid=1927321638765262142&AuthInfo=U4bGXPj8KcQ7vS4uSzzkFNpBa6KLZNVpYaMV%2FHxBe5AxDiVMr6y7mEqDg%2F2RkwAPc1GK%2B3pf5rQs%2FuG6G7Lkc4YnGA3tEx2dCo9yzV7j0hKFakrHH1xP4ZcYSskMu%2FHE
金鹰卡通,http://cache.ott.fifalive.itv.cmvideo.cn/000000001000/1000000002000016601/index.m3u8?channel-id=ystenlive&Contentid=1000000002000016601&livemode=1&authCode=3a&stbId=0043030000011010171158B42D04EED1&version=1.0&owaccmark=1000000002000016601&owchid=ystenlive&owsid=1120031638765059827&AuthInfo=UDPnSALVZASHe9mxqf4Fx9zPIkxQyGJ8Rg6PAXxqwNO%2BQOp3NtYnO5PijiYOGTWGmW6n6f129zMRFLrBYb%2F75HnBDhN24JHKp42xDvsoFQ1ys9FfB2c52uEeNFd7Tyxa
金鹰卡通,http://39.134.66.66/PLTV/88888888/224/3221225561/index.m3u8
金鹰纪实,http://hwrr.jx.chinamobile.com:8080/PLTV/88888888/224/3221226198/index.m3u8
金鹰纪实,http://hwrr.jx.chinamobile.com:8080/PLTV/88888888/224/3221225595/index.m3u8?fmt=ts2hls
金鹰纪实,http://39.135.138.58:18890/ysten-businessmobile/live/SD-4000k-576P-jinyingjs/1.m3u8?zhund
金鹰纪实,http://124.232.231.246:6610/000000001001/201600020008/index.m3u8?A=&IASHttpSessionId=OTT?zhund
金鹰纪实,http://124.232.231.246:6610/000000001001/201600020008/index.m3u8?A
金鹰纪实,http://124.232.231.246:6610/000000001001/201600010008/index.m3u8?A=&IASHttpSessionId=OTT?zhund
长沙政法,http://35848.hlsplay.aodianyun.com/guangdianyun_35848/tv_channel_348.flv?auth_key=1936693647-0-0-09a2ab1e7112296d76b1c37999a5cf32
长沙影视,http://35848.hlsplay.aodianyun.com/guangdianyun_35848/tv_channel_350.flv?auth_key=1936694127-0-0-f081dadf4de8780d84d51755eb65e516
宁乡综合频道,http://b.ds.ch.dingtoo.com/AppName/StreamName.m3u8?zhund
永州综合,http://stream.21ytv.com/xw/8twnQW67/live.m3u8?_upt=2ee2ce141629088895
永州公共,http://stream.21ytv.com/gg/playlist.m3u8?_upt=8f360a7b1638940836
永州公共,http://stream.21ytv.com/gg/playlist.m3u8?_upt=2f1afe4a1638954105
永州公共,http://stream.21ytv.com/gg/8twnQW67/live.m3u8?_upt=0a400dbe1638954104
永顺综合频道,http://liveplay.rednet.cn/live/yongshun_tv_55433f.m3u8?zhund
益阳新闻综合,http://fms.yyrtv.com:82/hls-live/livepkgr/_definst_/liveevent/yyrtvxwhd210130.m3u8?zhund
益阳教育频道,http://fms.yyrtv.com:82/hls-live/livepkgr/_definst_/liveevent/yyrtvjy210130.m3u8?zhund
益阳公共频道,http://fms.yyrtv.com:82/hls-live/livepkgr/_definst_/liveevent/yyrtvgg210130.m3u8?zhund
湘潭新闻综合,http://live.hnxttv.com:9601/live/xwzh/800K/tzwj_video.m3u8?zhund
湘潭县综合,http://21084.liveplay.myqcloud.com/live/21084_13241b8296ee11e892905cb9018cf0d4.m3u8?zhund
湘潭公共频道,http://live.hnxttv.com:9601/live/dspd/800K/tzwj_video.m3u8?zhund
先锋乒羽,http://cache.ott.fifalive.itv.cmvideo.cn:80/000000001000/4886720949268374180/index.m3u8?channel-id=hnbblive&Contentid=4886720949268374180&livemode=1&authCode=3a&stbId=381001000000004000001A2B3C4D5E6F&version=1.0&owaccmark=4886720949268374180&owchid=hnbblive&owsid=2008781639442355049&AuthInfo=iLXPSBa%2BDR34rZ0yMNNDDc4pGTJZc1VCPpfsNdYPlFKyEl4YgZli3eCZkxKxNZoAH%2Bwl40La22jRoeLS4FjRFMPior9WMUHMnc7M2orxIOxJI5Gsm9oW1cPww%2B5ATuAU
先锋乒羽,http://cache.ott.fifalive.itv.cmvideo.cn:80/000000001000/4886720949268374180/index.m3u8?channel-id=hnbblive&Contentid=4886720949268374180&livemode=1&authCode=3a&stbId=0010099900E08200SY0488947E7BCB37&version=1.0&owaccmark=4886720949268374180&owchid=hnbblive&owsid=9422161639442351812&AuthInfo=1cKEtXhCyPUp0C7Os%2F4hFnRLJbdGQml%2FJ6SgEPCodeSyEl4YgZli3eCZkxKxNZoAH%2Bwl40La22jRoeLS4FjRFBQbjb8Orq4Iz%2FRjuDeKGnZGLEtWzZ6xtbev%2FwV3b19q
泸溪电视台,http://liveplay.rednet.cn/live/luxi_fe0eyf.m3u8?zhund
娄底综合频道,http://mms.ldntv.cn:1935/live/_definst_/zonghe/playlist.m3u8?zhund
娄底综合频道,http://119.39.242.52:1935/live/zonghe/playlist.m3u8?zhund
醴陵综合频道,http://liveplay.rednet.cn/live/21084_145ba4ee9f0511e992905cb9018cf0d4.m3u8?zhund
快乐垂钓,http://hwrr.jx.chinamobile.com:8080/PLTV/88888888/224/3221225780/index.m3u8?fmt=ts2hls
江华综合,http://liveplay.rednet.cn/live/jianghua_tv_bcdee8.m3u8?zhund
洪江市综合,http://liveplay.rednet.cn/live/hongjiang_tv_ced5a7.m3u8?zhund
衡阳新闻综合,http://play-dgv-xhncloud.voc.com.cn/live/5243_ImycEv.m3u8?zhund
衡阳新闻综合,http://hnhs.chinashadt.com:1936/hnhs/tv5.stream/playlist.m3u8?zhund
衡阳新闻综合,http://59.51.68.40:1936/live/2.stream/playlist.m3u8?zhund
衡阳公共频道,http://59.51.68.40:1936/live/3.stream/playlist.m3u8?zhund
东安综合,http://play-dgv-xhncloud.voc.com.cn/live/5243_Twis7r.m3u8
茶频道,http://hwrr.jx.chinamobile.com:8080/PLTV/88888888/224/3221225781/index.m3u8?fmt=ts2hls
茶陵新闻综合,http://liveplay.rednet.cn/live/chaling_tv.m3u8?zhund
保靖时政频道,http://liveplay.rednet.cn/live/baojing_hgs24f.m3u8?zhund
云溪新闻综合,http://liveplay.rednet.cn/live/yunxi_tv.m3u8?zhund

💖央视,#genre#
CCTV-1,http://222.132.191.125:9901/tsfile/live/0001_1.m3u8
CCTV-1,http://39.135.138.59:18890/PLTV/88888910/224/3221225642/index.m3u8
CCTV-1,http://39.135.138.60:18890/PLTV/88888910/224/3221225618/index.m3u8
CCTV-1,http://39.135.138.59:18890/TVOD/88888910/224/3221225630/index.m3u8
CCTV-1,http://39.135.138.58:18890/PLTV/88888888/224/3221225642/index.m3u8
CCTV-1,http://39.135.138.60:18890/PLTV/88888910/224/3221225630/index.m3u8
CCTV-1,https://jwcdnqx.hebyun.com.cn/live/cctvtest1/1500k/tzwj_video.m3u8
CCTV-2,http://39.135.138.60:18890/PLTV/88888910/224/3221225619/index.m3u8
CCTV-2,http://39.135.138.60:18890/PLTV/88888910/224/3221225643/index.m3u8
CCTV-2,http://39.135.138.58:18890/PLTV/88888888/224/3221225643/index.m3u8
CCTV-2,http://39.134.115.163:8080/PLTV/88888910/224/3221225619/index.m3u8
CCTV-3,http://39.135.138.60:18890/PLTV/88888910/224/3221225647/index.m3u8
CCTV-3,http://39.135.138.60:18890/PLTV/88888910/224/3221225634/index.m3u8
CCTV-3,http://39.134.115.163:8080/PLTV/88888910/224/3221225647/index.m3u8
CCTV-3-高清,http://111.40.196.29/PLTV/88888888/224/3221225588/index.m3u8
CCTV-4,http://39.135.138.60:18890/PLTV/88888910/224/3221225621/index.m3u8
CCTV-4,http://183.207.248.15/PLTV/3/224/3221225534/index.m3u8
CCTV-4,http://222.132.191.125:9901/tsfile/live/0004_1.m3u8
CCTV-4,http://39.135.138.58:18890/PLTV/88888888/224/3221225621/index.m3u8
CCTV4K,https://p.ggiptv.com/v/4k.m3u8
CCTV4K,http://ye23.win/iptv/4k.cctv.php
CCTV4K,http://liveop.cctv.cn/hls/4KHD/playlist.m3u8
CCTV-5,http://39.135.138.59:18890/PLTV/88888910/224/3221225633/index.m3u8
CCTV-5,http://39.135.138.60:18890/PLTV/88888910/224/3221225633/index.m3u8
CCTV-5+,http://39.135.138.60:18890/PLTV/88888910/224/3221225649/index.m3u8
CCTV-5+,http://39.135.138.59:18890/PLTV/88888910/224/3221225649/index.m3u8
CCTV-5+,http://39.135.138.60:18890/PLTV/88888910/224/3221225706/index.m3u8
CCTV-6-高清,http://111.40.196.31/PLTV/88888888/224/3221225561/index.m3u8
CCTV-6-高清,http://39.135.138.58:18890/PLTV/88888888/224/3221225632/index.m3u8
CCTV-6-高清,http://111.20.33.93:80/PLTV/88888893/224/3221226011/index.m3u8
CCTV-6,http://39.135.138.59:18890/PLTV/88888910/224/3221225650/index.m3u8
CCTV-6,http://39.135.138.59:18890/PLTV/88888910/224/3221225632/index.m3u8
CCTV-6,http://39.135.138.60:18890/PLTV/88888910/224/3221225632/index.m3u8
CCTV-6,http://39.134.115.163:8080/PLTV/88888910/224/3221225632/index.m3u8
CCTV-7,http://39.135.138.60:18890/PLTV/88888910/224/3221225624/index.m3u8
CCTV-7,http://39.135.138.59:18890/PLTV/88888910/224/3221225644/index.m3u8
CCTV-7,http://39.134.115.163:8080/PLTV/88888910/224/3221225624/index.m3u8
CCTV-7,http://39.134.67.6:80/ottrrs.hl.chinamobile.com/PLTV/88888888/224/3221225733/1.m3u8
CCTV-8-高清,http://39.135.138.58:18890/PLTV/88888888/224/3221225631/index.m3u8
CCTV-8-高清,http://111.40.196.31/PLTV/88888888/224/3221225592/index.m3u8
CCTV-8-高清,http://39.135.138.59:18890/TVOD/88888910/224/3221225635/index.m3u8
CCTV-8,http://39.135.138.60:18890/PLTV/88888910/224/3221225635/index.m3u8
CCTV-8,http://39.135.138.59:18890/PLTV/88888910/224/3221225631/index.m3u8
CCTV-8,http://39.135.138.60:18890/PLTV/88888910/224/3221225631/index.m3u8
CCTV-8,http://39.134.115.163:8080/PLTV/88888910/224/3221225635/index.m3u8
CCTV-9,http://39.135.138.60:18890/PLTV/88888910/224/3221225646/index.m3u8
CCTV-9,http://222.132.191.125:9901/tsfile/live/0009_1.m3u8
CCTV-9,http://39.135.138.59:18890/PLTV/88888910/224/3221225626/index.m3u8
CCTV-9,http://39.135.138.60:18890/PLTV/88888910/224/3221225626/index.m3u8
CCTV-9,http://39.134.115.163:8080/PLTV/88888910/224/3221225626/index.m3u8
CCTV-10,http://39.134.66.66/PLTV/88888888/224/3221225677/index.m3u8
CCTV-10,http://222.132.191.125:9901/tsfile/live/0002_1.m3u8
CCTV-10,http://39.135.138.60:18890/PLTV/88888910/224/3221225636/index.m3u8
CCTV-10,http://39.135.138.59:18890/PLTV/88888910/224/3221225627/index.m3u8
CCTV-10,http://39.134.115.163:8080/PLTV/88888910/224/3221225627/index.m3u8
CCTV-11,http://39.135.138.59:18890/PLTV/88888910/224/3221225628/index.m3u8
CCTV-11,http://39.135.138.60:18890/PLTV/88888910/224/3221225628/index.m3u8
CCTV-11,http://39.135.138.58:18890/PLTV/88888888/224/3221225628/index.m3u8
CCTV-11,http://39.134.115.163:8080/PLTV/88888910/224/3221225628/index.m3u8
CCTV-12,http://39.135.138.60:18890/PLTV/88888910/224/3221225637/index.m3u8
CCTV-12,http://222.132.191.125:9901/tsfile/live/0007_1.m3u8
CCTV-12,http://39.135.138.59:18890/PLTV/88888910/224/3221225629/index.m3u8
CCTV-12,http://39.134.115.163:8080/PLTV/88888910/224/3221225629/index.m3u8
CCTV-13,http://39.135.138.60:18890/PLTV/88888910/224/3221225638/index.m3u8
CCTV-13,http://hwrr.jx.chinamobile.com:8080/PLTV/88888888/224/3221225638/index.m3u8
CCTV-13,http://39.134.116.30:8080/PLTV/88888910/224/3221225638/index.m3u8
CCTV-13,http://39.134.115.163:8080/PLTV/88888910/224/3221225638/index.m3u8
CCTV-14,http://39.135.138.59:18890/PLTV/88888910/224/3221225640/index.m3u8
CCTV-14,http://222.132.191.125:9901/tsfile/live/0010_1.m3u8
CCTV-14,http://39.135.138.60:18890/PLTV/88888910/224/3221225639/index.m3u8
CCTV-14,http://39.135.138.60:18890/PLTV/88888910/224/3221225640/index.m3u8
CCTV-14,http://39.134.115.163:8080/PLTV/88888910/224/3221225639/index.m3u8
CCTV-14,http://39.134.67.6:80/ottrrs.hl.chinamobile.com/PLTV/88888888/224/3221225732/1.m3u8
CCTV-15,http://39.134.115.163:8080/PLTV/88888910/224/3221225641/index.m3u8
CCTV-15,http://39.135.138.58:18890/PLTV/88888910/224/3221225641/index.m3u8
CCTV-15,http://39.135.138.60:18890/PLTV/88888910/224/3221225641/index.m3u8
CCTV-16-4K,http://liveop.cctv.cn/hls/CCTV16HD/playlist.m3u8
CCTV-16,http://39.135.138.60:18890/TVOD/88888910/224/3221226230/index.m3u8
CCTV-17,http://39.134.66.110/PLTV/88888888/224/3221225708/index.m3u8
CCTV-17,http://39.135.138.60:18890/PLTV/88888910/224/3221225908/index.m3u8
CCTV-17,http://39.134.115.163:8080/PLTV/88888910/224/3221225908/index.m3u8
CETV-1,http://111.59.63.32:9901/tsfile/live/1024_1.m3u8

💟卫视,#genre#
爱自然,https://d18dyiwu97wm6q.cloudfront.net/playlist2160p.m3u8
浙江卫视,http://117.148.179.140/PLTV/88888888/224/3221229352/1.m3u8
浙江卫视,http://222.132.191.125:9901/tsfile/live/0124_1.m3u8
浙江卫视,http://39.134.65.162/PLTV/88888888/224/3221225514/index.m3u8
浙江卫视,http://39.134.65.173/PLTV/88888888/224/3221225514/index.m3u8
浙江卫视,http://39.134.65.175/PLTV/88888888/224/3221225514/index.m3u8
浙江卫视,http://39.134.65.179/PLTV/88888888/224/3221225514/index.m3u8
浙江卫视,http://39.135.138.59:18890/PLTV/88888910/224/3221225744/index.m3u8
浙江卫视,http://39.135.138.60:18890/PLTV/88888910/224/3221225744/index.m3u8
江苏卫视,http://117.148.179.175/PLTV/88888888/224/3221231447/1.m3u8
江苏卫视,http://222.132.191.125:9901/tsfile/live/0127_1.m3u8
江苏卫视,http://39.134.115.163:8080/PLTV/88888910/224/3221225702/index.m3u8
江苏卫视,http://39.134.115.163:8080/PLTV/88888910/224/3221225743/index.m3u8
江苏卫视,http://39.134.65.181/PLTV/88888888/224/3221225503/index.m3u8
江苏卫视,http://39.134.66.66/PLTV/88888888/224/3221225503/index.m3u8
江苏卫视,http://39.135.138.59:18890/PLTV/88888910/224/3221225702/index.m3u8
江苏卫视,http://39.135.138.60:18890/PLTV/88888910/224/3221225743/index.m3u8
江苏卫视,http://hwrr.jx.chinamobile.com:8080/PLTV/88888888/224/3221225488/index.m3u8?fmt=ts2hls
江苏卫视,http://hwrr.jx.chinamobile.com:8080/PLTV/88888888/224/3221225702/index.m3u8
江苏卫视,http://hwrr.jx.chinamobile.com:8080/PLTV/88888888/224/3221225743/index.m3u8
北京卫视,http://117.148.179.168/PLTV/88888888/224/3221231732/1.m3u8
北京卫视,http://222.132.191.125:9901/tsfile/live/0122_1.m3u8
北京卫视,http://39.134.115.163:8080/PLTV/88888910/224/3221225674/index.m3u8
北京卫视,http://39.134.65.164/PLTV/88888888/224/3221225678/index.m3u8
北京卫视,http://39.134.65.166/PLTV/88888888/224/3221225678/index.m3u8
北京卫视,http://39.134.65.179/PLTV/88888888/224/3221225678/index.m3u8
北京卫视,http://39.135.138.60:18890/PLTV/88888910/224/3221225673/index.m3u8
东方卫视,http://222.132.191.125:9901/tsfile/live/0107_1.m3u8
东方卫视,http://39.134.115.163:8080/PLTV/88888910/224/3221225658/index.m3u8
东方卫视,http://39.134.115.163:8080/PLTV/88888910/224/3221225744/index.m3u8
东方卫视,http://39.134.65.164/PLTV/88888888/224/3221225672/index.m3u8
东方卫视,http://39.134.65.173/PLTV/88888888/224/3221225865/index.m3u8
东方卫视,http://39.134.65.175/PLTV/88888888/224/3221225672/index.m3u8
东方卫视,http://39.134.65.179/PLTV/88888888/224/3221225672/index.m3u8
东方卫视,http://39.134.67.2:80/ottrrs.hl.chinamobile.com/PLTV/88888888/224/3221225612/1.m3u8
东方卫视,http://39.135.138.58:18890/PLTV/88888910/224/3221225659/index.m3u8
东方卫视,http://39.135.138.59:18890/PLTV/88888910/224/3221225658/index.m3u8
东方卫视,http://39.135.138.60:18890/PLTV/88888910/224/3221225658/index.m3u8
东方卫视,http://hwrr.jx.chinamobile.com:8080/PLTV/88888888/224/3221225489/index.m3u8?fmt=ts2hls
安徽卫视,http://222.132.191.125:9901/tsfile/live/0130_1.m3u8
安徽卫视,http://39.135.138.59:18890/PLTV/88888910/224/3221225737/index.m3u8
安徽卫视,http://39.135.138.60:18890/PLTV/88888910/224/3221225737/index.m3u8
东南卫视,http://39.134.65.175/PLTV/88888888/224/3221225863/index.m3u8
广东卫视,http://117.148.179.141/PLTV/88888888/224/3221231891/1.m3u8
广东卫视,http://222.132.191.125:9901/tsfile/live/0125_1.m3u8
广东卫视,http://39.134.115.163:8080/PLTV/88888910/224/3221225701/index.m3u8
广东卫视,http://39.135.138.59:18890/PLTV/88888910/224/3221225742/index.m3u8
广东卫视,http://39.135.138.60:18890/PLTV/88888910/224/3221225742/index.m3u8
海南卫视,http://39.134.65.164/PLTV/88888888/224/3221225869/index.m3u8
海南卫视,http://39.134.65.183/PLTV/88888888/224/3221225869/index.m3u8
河南卫视,http://39.134.65.166/PLTV/88888888/224/3221225890/index.m3u8
黑龙江卫视,http://117.148.179.141/PLTV/88888888/224/3221231967/1.m3u8
湖北卫视,http://117.148.179.142/PLTV/88888888/224/3221231888/1.m3u8
湖北卫视,http://222.132.191.125:9901/tsfile/live/0132_1.m3u8
湖北卫视,http://39.134.65.162/PLTV/88888888/224/3221225569/index.m3u8
湖北卫视,http://39.134.65.164/PLTV/88888888/224/3221225569/index.m3u8
湖北卫视,http://39.135.138.60:18890/PLTV/88888910/224/3221225740/index.m3u8
吉林卫视,http://39.134.65.177/PLTV/88888888/224/3221225872/index.m3u8
吉林卫视,http://39.134.66.110/PLTV/88888888/224/3221225981/index.m3u8
江西卫视,http://117.148.179.141/PLTV/88888888/224/3221231964/1.m3u8
江西卫视,http://39.135.138.60:18890/PLTV/88888910/224/3221225746/index.m3u8
辽宁卫视,http://117.148.179.152/PLTV/88888888/224/3221231802/1.m3u8
辽宁卫视,http://222.132.191.125:9901/tsfile/live/0121_1.m3u8
辽宁卫视,http://39.134.115.163:8080/PLTV/88888910/224/3221225696/index.m3u8
辽宁卫视,http://39.135.138.59:18890/PLTV/88888910/224/3221225696/index.m3u8
辽宁卫视,http://39.135.138.60:18890/PLTV/88888910/224/3221225735/index.m3u8
山东卫视,http://222.132.191.125:9901/tsfile/live/0131_1.m3u8
山东卫视,http://39.135.138.59:18890/PLTV/88888910/224/3221225697/index.m3u8
山东卫视,http://39.135.138.60:18890/PLTV/88888910/224/3221225738/index.m3u8
深圳卫视,http://222.132.191.125:9901/tsfile/live/0126_1.m3u8
深圳卫视,http://39.134.65.162/PLTV/88888888/224/3221225668/index.m3u8
深圳卫视,http://39.134.65.164/PLTV/88888888/224/3221225668/index.m3u8
深圳卫视,http://39.134.65.166/PLTV/88888888/224/3221225668/index.m3u8
深圳卫视,http://39.135.138.60:18890/PLTV/88888910/224/3221225741/index.m3u8
四川卫视,http://117.148.179.142/PLTV/88888888/224/3221231885/1.m3u8
四川卫视,http://live.aikan.miguvideo.com/PLTV/88888888/224/3221231885/1.m3u8
天津卫视,http://222.132.191.125:9901/tsfile/live/0135_1.m3u8
天津卫视,http://39.134.65.162/PLTV/88888888/224/3221225665/index.m3u8
天津卫视,http://39.134.65.166/PLTV/88888888/224/3221225665/index.m3u8
天津卫视,http://39.135.138.60:18890/PLTV/88888910/224/3221225739/index.m3u8
重庆卫视,http://222.132.191.125:9901/tsfile/live/0142_1.m3u8
重庆卫视,http://39.134.65.181/PLTV/88888888/224/3221225873/index.m3u8
重庆卫视,http://39.135.138.59:18890/PLTV/88888910/224/3221225734/index.m3u8
重庆卫视,http://39.135.138.60:18890/PLTV/88888910/224/3221225734/index.m3u8
点掌财经,http://cclive2.aniu.tv/live/anzb.m3u8
时尚频道,https://juyunlive.juyun.tv/live/24950198.m3u8

💥世界,#genre#
凤凰中文,http://live.clg.kim/tv/fhzw.m3u8
凤凰中文,http://playtv-live.ifeng.com/live/06OLEGEGM4G.m3u8
凤凰中文,http://play-live.ifeng.com/live/06OLEGEGM4G.m3u8
凤凰中文,http://playtv-live.ifeng.com/live/06OLEGEGM4G.m3u8
凤凰中文,http://playtv-live.ifeng.com/live/06OLEEWQKN4.m3u8
凤凰资讯,http://playtv-live.ifeng.com/live/06OLEEWQKN4.m3u8
凤凰资讯,http://play-live.ifeng.com/live/06OLEEWQKN4.m3u8
凤凰资讯,http://playtv-live.ifeng.com:80/live/06OLEEWQKN4_tv2.m3u8
ABC News,https://abc-iview-mediapackagestreams-2.akamaized.net/out/v1/6e1cc6d25ec0480ea099a5399d73bc4b/index.m3u8
Alan Walker-feat,https://15799848.s21v.faiusr.com/58/ABUIABA6GAAg9qiM5gUo-tns8Qc.mp4
AOA - Excuse Me,https://15799848.s21v.faiusr.com/58/ABUIABA6GAAgmozg7AUolaeS8gU.mp4
AOA - Like A Cat,https://15799848.s21v.faiusr.com/58/ABUIABA6GAAgtfm95QUok8Wu6AQ.mp4
Areia Kpop Remix,https://15799848.s21v.faiusr.com/58/ABUIABA6GAAg____4gUopsLtrQQ.mp4
CNN News,https://prima-ott-live.ssl.cdn.cra.cz/channels/prima_cnn/playlist/cze/live_hq.m3u8?offsetSeconds=0&url=0
Dal Shabet,https://15799848.s21v.faiusr.com/58/ABUIABA6GAAg3fq95QUoisPxpAM.mp4
EXID - UP&DOWN,https://15799848.s21v.faiusr.com/58/ABUIABA6GAAgzMnG4gUoroOQgQU.mp4
fashion TV,https://fashiontv-fashiontv-2-es.samsung.wurl.com/manifest/playlist.m3u8
fashion TV,https://fashiontv-fashiontv-2-es.samsung.wurl.com/manifest/playlist.m3u8
Four Ladies-Move,https://15799848.s21v.faiusr.com/58/ABUIABA6GAAg85Do5QUow-P-wwI.mp4
Fox新闻,https://fox-foxnewsnow-samsungus.amagi.tv/playlist.m3u8
Girls Gone Wild,https://15799848.s21v.faiusr.com/58/ABUIABA6GAAgjd2w4gUou--ljQE.mp4
Global News,https://live.corusdigitaldev.com/groupd/live/49a91e7f-1023-430f-8d66-561055f3d0f7/live.isml/master.m3u8
Global News,https://live.corusdigitaldev.com/groupa/live/48a5882b-a1ec-42d7-bfd7-6c2739e737da/live.isml/.m3u8
Global News,https://live.corusdigitaldev.com/groupd/live/8970c668-40cd-4ca9-8c4d-25fd04f619b5/live.isml/.m3u8
Global News,https://live.corusdigitaldev.com/groupb/live/215422c9-d1b9-4009-aaca-32e403f22b01/live.isml/.m3u8
NHK国际,https://nhkw-zh-hlscomp.akamaized.net/8thz5iufork8wjip/playlist.m3u8
NHK国际,https://nhkw-zh-hlscomp.akamaized.net/ixxemlzk1vqvy44o/playlist.m3u8

🎏景区,#genre#
峨眉山普贤菩萨,http://gcalic.v.myalicdn.com/gc/gccntv241-slf01_1/index.m3u8
宁夏大漠孤烟,http://gcksc.v.kcdnvip.com/gc/tjhh01_1/index.m3u8
映秀新城,http://gcbsc.v.live.baishancdnx.cn/gc/wcyxxc01_1/index.m3u8
福建华安土楼,http://gccncc.v.wscdns.com/gc/syns01_1/index.m3u8
梅州梅江,http://gctxyc.liveplay.myqcloud.com/gc/gllj01_1_md.m3u8
河南二七塔,http://gctxyc.liveplay.myqcloud.com/gc/xysrf_1_md.m3u8
鼓浪屿遥望厦门岛,http://gccncc.v.wscdns.com/gc/xymlh_1/index.m3u8
舟山东极岛,http://gctxyc.liveplay.myqcloud.com/gc/djd01_1_md.m3u8
福建三坊七巷,http://gcksc.v.kcdnvip.com/gc/hhdxg01_1/index.m3u8
武汉两江四岸,https://gcalic.v.myalicdn.com/gc/emspxps_1/index.m3u8?contentid=2820180516001
﻿四川达古冰川,https://gccncc.v.wscdns.com/gc/ztx_1/index.m3u8?contentid=2820180516001
桂林象鼻山,https://gccncc.v.wscdns.com/gc/ztn_1/index.m3u8?contentid=2820180516001
广州塔和海心桥,https://gcalic.v.myalicdn.com/gc/ztb_1/index.m3u8?contentid=2820180516001
全国风景总览,https://gcalic.v.myalicdn.com/gc/wgw05_1/index.m3u8?contentid=2820180516001
黟县宏村月沼,https://gctxyc.liveplay.myqcloud.com/gc/yxhcyz_1/index.m3u8?contentid=2820180516001
黟县宏村南湖,https://gcalic.v.myalicdn.com/gc/yxhcnh_1/index.m3u8?contentid=2820180516001
黟县西递牌坊,https://gcalic.v.myalicdn.com/gc/yxxdpf_1/index.m3u8?contentid=2820180516001
黟县西递半山亭,https://gcalic.v.myalicdn.com/gc/yxxdbst_1/index.m3u8?contentid=2820180516001
黟县卢村远眺,https://gccncc.v.wscdns.com/gc/yxlcyt_1/index.m3u8?contentid=2820180516001
九寨沟,https://gctxyc.liveplay.myqcloud.com/gc/wygjt1_1/index.m3u8?contentid=2820180516001
南昌滕王阁,https://gccncc.v.wscdns.com/gc/wygjt2_1/index.m3u8?contentid=2820180516001
黄山始信峰,https://gctxyc.liveplay.myqcloud.com/gc/hssxf_1/index.m3u8?contentid=2820180516001
黄山卧云峰,https://gcalic.v.myalicdn.com/gc/hswlf_1/index.m3u8?contentid=2820180516001
黄山梦笔生花,https://gccncc.v.wscdns.com/gc/hsmbsh_1/index.m3u8?contentid=2820180516001
黄山排云亭,https://gcalic.v.myalicdn.com/gc/hspyt_1/index.m3u8?contentid=2820180516001
黄山西海峡谷,https://gcalic.v.myalicdn.com/gc/hsxhdxg_1/index.m3u8?contentid=2820180516001
黄山光明顶,https://gccncc.v.wscdns.com/gc/hsgmd_1/index.m3u8?contentid=2820180516001
黄山信兴道,https://gccncc.v.wscdns.com/gc/hsyg_1/index.m3u8?contentid=2820180516001
黄山平天矼,https://gcalic.v.myalicdn.com/gc/hsptgz_1/index.m3u8?contentid=2820180516001
黄山飞来石,https://gccncc.v.wscdns.com/gc/hsptgy_1/index.m3u8?contentid=2820180516001
云台山红石硖,https://gcalic.v.myalicdn.com/gc/ytshsx_1/index.m3u8?contentid=2820180516001
泰山黄岘岭,https://gctxyc.liveplay.myqcloud.com/gc/taishan01_1/index.m3u8?contentid=2820180516001
泰山望人松,https://gcalic.v.myalicdn.com/gc/taishan02_1/index.m3u8?contentid=2820180516001
泰山大观峰,https://gctxyc.liveplay.myqcloud.com/gc/taishan03_1/index.m3u8?contentid=2820180516001
泰山拱北石,https://gcalic.v.myalicdn.com/gc/taishan04_1/index.m3u8?contentid=2820180516001
济南千佛山望泉城,https://gcalic.v.myalicdn.com/gc/taishan05_1/index.m3u8?contentid=2820180516001
泰山玉皇顶,https://gcalic.v.myalicdn.com/gc/taishan06_1/index.m3u8?contentid=2820180516001
淳安界首渔港码头,https://gccncc.v.wscdns.com/gc/ytsxzg_1/index.m3u8?contentid=2820180516001
新疆红山,https://gccncc.v.wscdns.com/gc/ytsbjy_1/index.m3u8?contentid=2820180516001
远眺万佛顶,https://gcalic.v.myalicdn.com/gc/emswfs_1/index.m3u8?contentid=2820180516001
武夷山玉女峰,https://gcalic.v.myalicdn.com/gc/wysynf_1/index.m3u8?contentid=2820180516001
印象大红袍,https://gctxyc.liveplay.myqcloud.com/gc/wysyxdhp_1/index.m3u8?contentid=2820180516001
无锡惠山二茅峰望锡城,https://gctxyc.liveplay.myqcloud.com/gc/wysdhpcy_1/index.m3u8?contentid=2820180516001
张家界迷魂台,https://gccncc.v.wscdns.com/gc/zjjmht_1/index.m3u8?contentid=2820180516001
张家界水绕4门,https://gccncc.v.wscdns.com/gc/zjjsrsm_1/index.m3u8?contentid=2820180516001
张家界将军列队,https://gctxyc.liveplay.myqcloud.com/gc/zjjjjdl_1/index.m3u8?contentid=2820180516001
张家界阿凡达悬浮山,https://gcalic.v.myalicdn.com/gc/zjjafdxfs_1/index.m3u8?contentid=2820180516001
凤凰古城,https://gccncc.v.wscdns.com/gc/fhgcdgm_1/index.m3u8?contentid=2820180516001
凤凰古城南华山,https://gccncc.v.wscdns.com/gc/fhgcdnhs_1/index.m3u8?contentid=2820180516001
卢村远眺,https://gccncc.v.wscdns.com/gc/yxlcyt_1/index.m3u8?contentid=2820180516001
宠村月沼,https://gccncc.v.wscdns.com/gc/yxhcyz_1/index.m3u8?contentid=282018051600
重庆开州城区,https://gccncc.v.wscdns.com/gc/zsslsgc_1/index.m3u8?contentid=2820180516001
黄花城水长城1,https://gcalic.v.myalicdn.com/gc/wgw01_1/index.m3u8?contentid=2820180516001
黄花城水长城2,https://gcalic.v.myalicdn.com/gc/wgw02_1/index.m3u8?contentid=2820180516001
黄花城水长城3,https://gccncc.v.wscdns.com/gc/wgw03_1/index.m3u8?contentid=2820180516001
黄花城水长城4,https://gccncc.v.wscdns.com/gc/wgw04_1/index.m3u8?contentid=2820180516001
天津滨海新区,https://gccncc.v.wscdns.com/gc/ljgcszsnkgc_1/index.m3u8?contentid=2820180516001
天津滨海新区2,https://gcalic.v.myalicdn.com/gc/ljgcwglytylxs_1/index.m3u8?contentid=2820180516001
吉安井冈山红旗广场,https://gcalic.v.myalicdn.com/gc/ljgcdyhxgjt_1/index.m3u8?contentid=2820180516001
峨眉云海日出,https://gctxyc.liveplay.myqcloud.com/gc/emsarm_1/index.m3u8?contentid=2820180516001
贡嘎雪山,https://gctxyc.liveplay.myqcloud.com/gc/emsyh_1/index.m3u8?contentid=2820180516001
远眺万佛顶,https://gcalic.v.myalicdn.com/gc/emswfs_1/index.m3u8?contentid=2820180516001
太原长风商务区,https://gccncc.v.wscdns.com/gc/lsdfgfl_1/index.m3u8?contentid=2820180516001
悬空寺全景,https://gcalic.v.myalicdn.com/gc/hsxksqj_1/index.m3u8?contentid=2820180516001
张家界玻璃桥,https://gcalic.v.myalicdn.com/gc/hsxkssqdzrqj_1/index.m3u8?contentid=2820180516001
车八岭国家自然保护区,https://gcalic.v.myalicdn.com/gc/hsxkscj_1/index.m3u8?contentid=2820180516001
伊犁巩留县蝶湖公园,https://gctxyc.liveplay.myqcloud.com/gc/tyhjtynl_1/index.m3u8?contentid=2820180516001
重庆洪崖洞,https://gctxyc.liveplay.myqcloud.com/gc/tyhjtys_1/index.m3u8?contentid=2820180516001
南天一柱,https://gctxyc.liveplay.myqcloud.com/gc/tyhjntyz_1/index.m3u8?contentid=2820180516001
宁夏上滩村,https://gccncc.v.wscdns.com/gc/tyhjrys_1/index.m3u8?contentid=2820180516001
雪乡大石碑,https://gcalic.v.myalicdn.com/gc/mdjxxdsb_1/index.m3u8?contentid=2820180516001
雪乡梦幻家园,https://gctxyc.liveplay.myqcloud.com/gc/mdjxxmhjyxj_1/index.m3u8?contentid=2820180516001
观景台,https://gccncc.v.wscdns.com/gc/mdjxxmhjygjt_1/index.m3u8?contentid=2820180516001
江西武功山云顶,https://gctxyc.liveplay.myqcloud.com/gc/jyg04_1/index.m3u8?contentid=2820180516001
嵌雪楼,https://gccncc.v.wscdns.com/gc/ljgcdsc_1/index.m3u8?contentid=2820180516001
﻿丹霞山丹梯铁锁,http://gctxyc.liveplay.myqcloud.com/gc/dxsdtts_1_md.m3u8
韶音亭,http://gctxyc.liveplay.myqcloud.com/gc/dxssyt_1_md.m3u8
坝达景点观景台,http://gccncc.v.wscdns.com/gc/hnttbdjd_1/index.m3u8
多依树景点,http://gcksc.v.kcdnvip.com/gc/hnttdysjd_1/index.m3u8
普高老寨,http://gctxyc.liveplay.myqcloud.com/gc/hnttpgsz_1_md.m3u8
老虎嘴,http://gccncc.v.wscdns.com/gc/hnttlhzjd_1/index.m3u8
山涧栈道,http://gcbsc.v.live.baishancdnx.cn/gc/lhssjzd_1/index.m3u8
七曲山风景区,http://gcbsc.v.live.baishancdnx.cn/gc/wysyxdhp_1/index.m3u8
山西省宋家沟村,http://gcalic.v.myalicdn.com/gc/wysdhpcy_1/index.m3u8
武夷山玉女峰,http://gcalic.v.myalicdn.com/gc/wysynf_1/index.m3u8
华山,http://gccncc.v.wscdns.com/gc/hkhs01_1/index.m3u8
十八洞村,http://gcksc.v.kcdnvip.com/gc/sbd01_1/index.m3u8
桂林象山公园,http://gcksc.v.kcdnvip.com/gc/glxs01_1/index.m3u8
鼋头渚赏樱阁,http://gccncc.v.wscdns.com/gc/pshdxg01_1/index.m3u8
峡谷石林,http://gcalic.v.myalicdn.com/gc/pshdxg02_1/index.m3u8
内蒙古云计算信息园,http://gcksc.v.kcdnvip.com/gc/tyhjntyz_1/index.m3u8
宁夏回族上滩村,http://gctxyc.liveplay.myqcloud.com/gc/tyhjrys_1_md.m3u8
甘肃火星1号基地,http://gcksc.v.kcdnvip.com/gc/hgsylztpb_1/index.m3u8
六角亭瀑布,http://gcalic.v.myalicdn.com/gc/hgsspzxdpb_1/index.m3u8
深圳世界之窗,http://gcalic.v.myalicdn.com/gc/sjzc01_1/index.m3u8
远眺贡嘎雪山,http://gcalic.v.myalicdn.com/gc/emsyh_1/index.m3u8
普贤菩萨铜像,http://gcalic.v.myalicdn.com/gc/emspxps_1/index.m3u8
远眺万佛顶,http://gcalic.v.myalicdn.com/gc/emswfs_1/index.m3u8
凤凰古城东关门,http://gcksc.v.kcdnvip.com/gc/fhgcdgm_1/index.m3u8
凤凰古城南华山,http://gctxyc.liveplay.myqcloud.com/gc/fhgcdnhs_1_md.m3u8
芦村远眺,http://gcalic.v.myalicdn.com/gc/yxlcyt_1/index.m3u8
西递半山亭,http://gcalic.v.myalicdn.com/gc/yxxdbst_1/index.m3u8
西递牌坊,http://gcbsc.v.live.baishancdnx.cn/gc/yxxdpf_1/index.m3u8
宏村月沼,http://gcbsc.v.live.baishancdnx.cn/gc/yxhcyz_1/index.m3u8
云台山-小寨沟,http://gctxyc.liveplay.myqcloud.com/gc/ytsxzg_1_md.m3u8
云台山-百家岩,http://gccncc.v.wscdns.com/gc/ytsbjy_1/index.m3u8
云台山-红石峡,http://gcalic.v.myalicdn.com/gc/ytshsx_1/index.m3u8
福建宁德太姥山景区,http://gcksc.v.kcdnvip.com/gc/tms01_1/index.m3u8
崇圣寺三塔中景,http://gcksc.v.kcdnvip.com/gc/dlst03_1/index.m3u8
崇圣寺三塔湖面,http://gcalic.v.myalicdn.com/gc/dlst02_1/index.m3u8
崇圣寺三塔远景,http://gcbsc.v.live.baishancdnx.cn/gc/dlst01_1/index.m3u8
西汉南越王博物馆,http://gctxyc.liveplay.myqcloud.com/gc/nywbwg01_1_md.m3u8
醉美沙滩翡翠湾,http://gcksc.v.kcdnvip.com/gc/fcw03_1/index.m3u8
漳州六鳌翡翠湾,http://gcalic.v.myalicdn.com/gc/fcw01_1/index.m3u8
云龙山观景台西,http://gcalic.v.myalicdn.com/gc/ylh04_1/index.m3u8
云龙山观景台南,http://gctxyc.liveplay.myqcloud.com/gc/ylh03_1_md.m3u8
趵突泉,http://gcksc.v.kcdnvip.com/gc/btq01_1/index.m3u8
厦门鼓浪屿,http://gctxyc.liveplay.myqcloud.com/gc/gly01_1_md.m3u8
玉液湖,http://gcksc.v.kcdnvip.com/gc/hkylxs02_1/index.m3u8
蓝月谷,http://gccncc.v.wscdns.com/gc/ylxs12_1/index.m3u8
印象实景,http://gccncc.v.wscdns.com/gc/hkylxs01_1/index.m3u8
千岛湖,http://gctxyc.liveplay.myqcloud.com/gc/caqdh_1_md.m3u8
黟县·西递牌坊,http://gcalic.v.myalicdn.com/gc/yxxdpf_1/index.m3u8
乌镇·西市河,http://gcalic.v.myalicdn.com/gc/zjwzbblh_1/index.m3u8
蓝印花布,http://gctxyc.liveplay.myqcloud.com/gc/zjwzlyhb_1_md.m3u8
龙形田,http://gcalic.v.myalicdn.com/gc/zjwzlxt_1/index.m3u8
乌镇全景,http://gcalic.v.myalicdn.com/gc/zjwzblt_1/index.m3u8
鸣沙山山门,http://gcalic.v.myalicdn.com/gc/dhyyqyyq_1/index.m3u8
鸣沙山,http://gcksc.v.kcdnvip.com/gc/dhyyqst_1/index.m3u8
鸣沙山月牙泉,http://gcalic.v.myalicdn.com/gc/dhyyqsm_1/index.m3u8
哈尼梯田,http://gcalic.v.myalicdn.com/gc/hnttpgsz_1/index.m3u8
八达岭长城南七楼,http://gcalic.v.myalicdn.com/gc/bgws7_1/index.m3u8
八达岭长城北十楼,http://gccncc.v.wscdns.com/gc/bgwn10_1/index.m3u8
嘉峪关关城,http://gcalic.v.myalicdn.com/gc/jyg04_1/index.m3u8
四姑娘山幺妹峰,http://gcbsc.v.live.baishancdnx.cn/gc/sgns01_1/index.m3u8
隆珠措,http://gctxyc.liveplay.myqcloud.com/gc/sgns02_1_md.m3u8
九华山拜经台,http://gccncc.v.wscdns.com/gc/jhs02_1/index.m3u8
九华山,http://gctxyc.liveplay.myqcloud.com/gc/jhs05_1_md.m3u8
九华山花台,http://gccncc.v.wscdns.com/gc/jhs01_1/index.m3u8
天界山-玻璃栈道,http://gcalic.v.myalicdn.com/gc/blg03_1/index.m3u8
天界山-桃花湾瀑布,http://gccncc.v.wscdns.com/gc/blg05_1/index.m3u8
天山-定海神针,http://gctxyc.liveplay.myqcloud.com/gc/xjtcdhsz_1_md.m3u8
天山-海西平台,http://gctxyc.liveplay.myqcloud.com/gc/xjtchxpt_1_md.m3u8
天山-马牙山,http://gctxyc.liveplay.myqcloud.com/gc/xjtcmys_1_md.m3u8
天山-灯杆山,http://gctxyc.liveplay.myqcloud.com/gc/xjtcdgs_1_md.m3u8
西线玻璃栈道,http://gccncc.v.wscdns.com/gc/tms05_1/index.m3u8
天门洞,http://gcalic.v.myalicdn.com/gc/tmstmd01_1/index.m3u8
天空步道,http://gcalic.v.myalicdn.com/gc/tms02_1/index.m3u8
云梦仙顶,http://gctxyc.liveplay.myqcloud.com/gc/tms04_1_md.m3u8
大容山莲花山顶,http://gctxyc.liveplay.myqcloud.com/gc/drs01_1_md.m3u8
南京玄武湖公园,http://gcksc.v.kcdnvip.com/gc/xwh01_1/index.m3u8
江苏南京牛首山,http://gctxyc.liveplay.myqcloud.com/gc/nss01_1_md.m3u8
郑东新区千玺广场,http://gctxyc.liveplay.myqcloud.com/gc/zdxq01_1_md.m3u8
西藏米林拉林铁路,http://gctxyc.liveplay.myqcloud.com/gc/zyqcdx01_1_md.m3u8
四川凉山邛海景区,http://gctxyc.liveplay.myqcloud.com/gc/xcqh01_1_md.m3u8
贵阳甲秀楼,http://gccncc.v.wscdns.com/gc/nxsptdmgychlr_1/index.m3u8
宁夏黄河漂流,http://gctxyc.liveplay.myqcloud.com/gc/nxspthhpl_1_md.m3u8
江苏聚龙湖,http://gctxyc.liveplay.myqcloud.com/gc/nxsptdmgy_1_md.m3u8
大研花巷观景,http://gcbsc.v.live.baishancdnx.cn/gc/ljgcdyhxgjt_1/index.m3u8
内蒙古额济纳胡杨林,http://gcksc.v.kcdnvip.com/gc/ljgcdsc_1/index.m3u8
天津滨海新区,http://gccncc.v.wscdns.com/gc/ljgcwglytylxs_1/index.m3u8
五彩池,http://gccncc.v.wscdns.com/gc/hlwcc_1/index.m3u8
黄龙·争艳彩池,http://gcalic.v.myalicdn.com/gc/hlzycc_1/index.m3u8
黄龙望乡台,http://gcksc.v.kcdnvip.com/gc/hlwxt_1/index.m3u8
黄龙洗身洞,http://gcalic.v.myalicdn.com/gc/hlxsd_1/index.m3u8